folder,filename,format,width,height,size_kb,url
"(root)","facebook_hovqxk","png",512,512,4,"https://res.cloudinary.com/doa8o9alh/image/upload/v1768592201/facebook_hovqxk.png"
"(root)","up-right-arrow_v8d5do","png",512,512,8,"https://res.cloudinary.com/doa8o9alh/image/upload/v1768592141/up-right-arrow_v8d5do.png"
"(root)","arrow_sipka0","png",512,512,7,"https://res.cloudinary.com/doa8o9alh/image/upload/v1768592139/arrow_sipka0.png"
"(root)","loading_yfsbml","png",512,512,9,"https://res.cloudinary.com/doa8o9alh/image/upload/v1768592135/loading_yfsbml.png"
"(root)","api_kxk4qm","png",512,512,14,"https://res.cloudinary.com/doa8o9alh/image/upload/v1768592133/api_kxk4qm.png"
"(root)","growth_ijykja","png",512,512,11,"https://res.cloudinary.com/doa8o9alh/image/upload/v1768592132/growth_ijykja.png"
"(root)","circle-arrow_qt2kpy","png",333,294,7,"https://res.cloudinary.com/doa8o9alh/image/upload/v1768592130/circle-arrow_qt2kpy.png"
"(root)","focus-here_rifza7","png",512,512,11,"https://res.cloudinary.com/doa8o9alh/image/upload/v1768592128/focus-here_rifza7.png"
"(root)","looping-arrows_neex8s","png",512,512,10,"https://res.cloudinary.com/doa8o9alh/image/upload/v1768592126/looping-arrows_neex8s.png"
"(root)","transfer_sp7xwl","png",512,512,6,"https://res.cloudinary.com/doa8o9alh/image/upload/v1768592124/transfer_sp7xwl.png"
"(root)","here_duztlc","png",512,512,9,"https://res.cloudinary.com/doa8o9alh/image/upload/v1768592122/here_duztlc.png"
"(root)","financial-deal_mptlbe","png",512,512,24,"https://res.cloudinary.com/doa8o9alh/image/upload/v1768592119/financial-deal_mptlbe.png"
"(root)","clouds_2_xzgzoy","png",512,512,11,"https://res.cloudinary.com/doa8o9alh/image/upload/v1768592117/clouds_2_xzgzoy.png"
"(root)","facebook_2_ukye1p","png",512,512,4,"https://res.cloudinary.com/doa8o9alh/image/upload/v1768592115/facebook_2_ukye1p.png"
"(root)","connie-contact-ESicon_2_hs0lux","png",64,64,2,"https://res.cloudinary.com/doa8o9alh/image/upload/v1768592113/connie-contact-ESicon_2_hs0lux.png"
"(root)","blue-check_mghw5c","png",32,32,0,"https://res.cloudinary.com/doa8o9alh/image/upload/v1768592111/blue-check_mghw5c.png"
"(root)","logoXX_pviuhn","png",300,300,31,"https://res.cloudinary.com/doa8o9alh/image/upload/v1768592109/logoXX_pviuhn.png"
"(root)","pdf-locked_qhjiuo","png",512,512,30,"https://res.cloudinary.com/doa8o9alh/image/upload/v1768592108/pdf-locked_qhjiuo.png"
"(root)","pdf-file_gc0ifn","png",512,512,6,"https://res.cloudinary.com/doa8o9alh/image/upload/v1768592106/pdf-file_gc0ifn.png"
"(root)","www_zg3rfm","png",512,512,20,"https://res.cloudinary.com/doa8o9alh/image/upload/v1768592104/www_zg3rfm.png"
"(root)","mp4-icon_xbymqi","png",512,512,7,"https://res.cloudinary.com/doa8o9alh/image/upload/v1768592102/mp4-icon_xbymqi.png"
"(root)","biz-plan-icon_pe5wvy","png",512,512,12,"https://res.cloudinary.com/doa8o9alh/image/upload/v1768592101/biz-plan-icon_pe5wvy.png"
"(root)","correction_et1qjc","png",512,512,19,"https://res.cloudinary.com/doa8o9alh/image/upload/v1768592099/correction_et1qjc.png"
"(root)","call-or-text_epc0wm","png",526,522,41,"https://res.cloudinary.com/doa8o9alh/image/upload/v1768592097/call-or-text_epc0wm.png"
"(root)","alert_sq9anw","png",512,512,17,"https://res.cloudinary.com/doa8o9alh/image/upload/v1768592095/alert_sq9anw.png"
"(root)","database_15479899_s4fgvb","png",512,512,12,"https://res.cloudinary.com/doa8o9alh/image/upload/v1768592094/database_15479899_s4fgvb.png"
"(root)","crm_h7rupj","png",512,512,12,"https://res.cloudinary.com/doa8o9alh/image/upload/v1768592092/crm_h7rupj.png"
"(root)","spreadsheet_ujjd39","png",512,512,12,"https://res.cloudinary.com/doa8o9alh/image/upload/v1768592090/spreadsheet_ujjd39.png"
"(root)","cloud-network_j6h8c6","png",128,128,3,"https://res.cloudinary.com/doa8o9alh/image/upload/v1768592088/cloud-network_j6h8c6.png"
"(root)","api_2_qvdsqq","png",128,128,6,"https://res.cloudinary.com/doa8o9alh/image/upload/v1768592087/api_2_qvdsqq.png"
"(root)","phone-voice-icon-2_fnp59l","png",792,1010,122,"https://res.cloudinary.com/doa8o9alh/image/upload/v1768592085/phone-voice-icon-2_fnp59l.png"
"(root)","willie-chalmers_p12vyk","png",506,502,332,"https://res.cloudinary.com/doa8o9alh/image/upload/v1768591976/willie-chalmers_p12vyk.png"
"(root)","Peter-Kaldes_adat3g","jpg",2400,3000,3544,"https://res.cloudinary.com/doa8o9alh/image/upload/v1768591975/Peter-Kaldes_adat3g.jpg"
"(root)","connie-dev-team_etdndg","psd",1076,540,2829,"https://res.cloudinary.com/doa8o9alh/image/upload/v1768591974/connie-dev-team_etdndg.psd"
"(root)","cameron-obrien-connie_x4r9sy","png",756,742,563,"https://res.cloudinary.com/doa8o9alh/image/upload/v1768591972/cameron-obrien-connie_x4r9sy.png"
"(root)","chris-berno-connie_rsx8m1","png",870,814,986,"https://res.cloudinary.com/doa8o9alh/image/upload/v1768591970/chris-berno-connie_rsx8m1.png"
"(root)","leanne-clark-shirley-connie_glxdwx","png",906,844,702,"https://res.cloudinary.com/doa8o9alh/image/upload/v1768591969/leanne-clark-shirley-connie_glxdwx.png"
"(root)","dee-goldstein-connie_uo6xqs","png",584,510,338,"https://res.cloudinary.com/doa8o9alh/image/upload/v1768591967/dee-goldstein-connie_uo6xqs.png"
"(root)","jason-katz-twilio-connie_akmnyd","png",756,734,596,"https://res.cloudinary.com/doa8o9alh/image/upload/v1768591965/jason-katz-twilio-connie_akmnyd.png"
"(root)","mike-schmitt-twilio-connie_loigrx","png",696,702,429,"https://res.cloudinary.com/doa8o9alh/image/upload/v1768591964/mike-schmitt-twilio-connie_loigrx.png"
"(root)","peter-kaldes-connie_amzbjh","png",736,712,519,"https://res.cloudinary.com/doa8o9alh/image/upload/v1768591962/peter-kaldes-connie_amzbjh.png"
"(root)","nadine-lin-connie_yg94jf","png",734,730,682,"https://res.cloudinary.com/doa8o9alh/image/upload/v1768591961/nadine-lin-connie_yg94jf.png"
"(root)","nhi-huynh-connie_qith28","png",718,710,883,"https://res.cloudinary.com/doa8o9alh/image/upload/v1768591959/nhi-huynh-connie_qith28.png"
"(root)","quan-nguyen_qga9x7","png",762,758,526,"https://res.cloudinary.com/doa8o9alh/image/upload/v1768591957/quan-nguyen_qga9x7.png"
"(root)","marcelo-morales-connie_b0ccwe","png",716,712,541,"https://res.cloudinary.com/doa8o9alh/image/upload/v1768591956/marcelo-morales-connie_b0ccwe.png"
"(root)","lois-cumming_ioflra","jpg",3024,4032,2467,"https://res.cloudinary.com/doa8o9alh/image/upload/v1768591955/lois-cumming_ioflra.jpg"
"(root)","clark-county-connie-vote-approved_ug72oq","jpg",640,481,74,"https://res.cloudinary.com/doa8o9alh/image/upload/v1768591953/clark-county-connie-vote-approved_ug72oq.jpg"
"(root)","jazon-katz-twilio-connie_d8y1hc","jpg",297,297,24,"https://res.cloudinary.com/doa8o9alh/image/upload/v1768591951/jazon-katz-twilio-connie_d8y1hc.jpg"
"(root)","mike-schmitt-twilio-connie_evtaxe","jpg",225,225,5,"https://res.cloudinary.com/doa8o9alh/image/upload/v1768591950/mike-schmitt-twilio-connie_evtaxe.jpg"
"(root)","chris-berno-LAX_pt6co9","png",600,587,517,"https://res.cloudinary.com/doa8o9alh/image/upload/v1768591948/chris-berno-LAX_pt6co9.png"
"(root)","tariel-goldstien_lxpnjg","png",600,591,680,"https://res.cloudinary.com/doa8o9alh/image/upload/v1768591946/tariel-goldstien_lxpnjg.png"
"(root)","isreal-hernandez_ff8tpk","jpg",512,512,45,"https://res.cloudinary.com/doa8o9alh/image/upload/v1768591945/isreal-hernandez_ff8tpk.jpg"
"(root)","isreal-hernandez_piqvev","png",1317,1350,1500,"https://res.cloudinary.com/doa8o9alh/image/upload/v1768591943/isreal-hernandez_piqvev.png"
"(root)","willie-chalmers_vqyr8i","png",1336,1311,1610,"https://res.cloudinary.com/doa8o9alh/image/upload/v1768591942/willie-chalmers_vqyr8i.png"
"(root)","team-connie-slant_l3wxru","png",2500,1360,1367,"https://res.cloudinary.com/doa8o9alh/image/upload/v1768591940/team-connie-slant_l3wxru.png"
"(root)","chris-berno_yf4kst","png",942,906,1136,"https://res.cloudinary.com/doa8o9alh/image/upload/v1768591939/chris-berno_yf4kst.png"
"(root)","tariel-goldstien_2_imoi7v","png",1332,1302,1247,"https://res.cloudinary.com/doa8o9alh/image/upload/v1768591936/tariel-goldstien_2_imoi7v.png"
"(root)","quan-nguyen_ckaoje","png",1374,1244,1091,"https://res.cloudinary.com/doa8o9alh/image/upload/v1768591935/quan-nguyen_ckaoje.png"
"(root)","team-connie_ufx3xp","jpg",2500,1360,1079,"https://res.cloudinary.com/doa8o9alh/image/upload/v1768591933/team-connie_ufx3xp.jpg"
"(root)","adi-goldstien-connie_cqwytm","png",984,908,858,"https://res.cloudinary.com/doa8o9alh/image/upload/v1768591931/adi-goldstien-connie_cqwytm.png"
"(root)","leanne-clark-shirley-connie_en53rq","png",942,900,803,"https://res.cloudinary.com/doa8o9alh/image/upload/v1768591930/leanne-clark-shirley-connie_en53rq.png"
"(root)","peter-kaldes_jstszp","png",890,870,744,"https://res.cloudinary.com/doa8o9alh/image/upload/v1768591928/peter-kaldes_jstszp.png"
"(root)","paul-loh_a5a9vq","png",824,808,648,"https://res.cloudinary.com/doa8o9alh/image/upload/v1768591926/paul-loh_a5a9vq.png"
"(root)","lois-comming_jsrspj","png",800,770,696,"https://res.cloudinary.com/doa8o9alh/image/upload/v1768591925/lois-comming_jsrspj.png"
"(root)","Caleb-lim_jjdfyw","png",800,725,642,"https://res.cloudinary.com/doa8o9alh/image/upload/v1768591923/Caleb-lim_jjdfyw.png"
"(root)","jeff-kline-connie_mm9xvt","png",1022,1010,612,"https://res.cloudinary.com/doa8o9alh/image/upload/v1768591922/jeff-kline-connie_mm9xvt.png"
"(root)","jeff-kline-connie_2_tofzvx","png",1022,1010,612,"https://res.cloudinary.com/doa8o9alh/image/upload/v1768591920/jeff-kline-connie_2_tofzvx.png"
"(root)","alex-tsarapkine_itjpc7","png",922,846,563,"https://res.cloudinary.com/doa8o9alh/image/upload/v1768591919/alex-tsarapkine_itjpc7.png"
"(root)","wendi-burkhardt_impv0r","png",826,760,481,"https://res.cloudinary.com/doa8o9alh/image/upload/v1768591917/wendi-burkhardt_impv0r.png"
"(root)","michelle-xu_kcautu","png",740,716,507,"https://res.cloudinary.com/doa8o9alh/image/upload/v1768591915/michelle-xu_kcautu.png"
"(root)","stephen-farber_y0q7uo","png",800,828,425,"https://res.cloudinary.com/doa8o9alh/image/upload/v1768591914/stephen-farber_y0q7uo.png"
"(root)","connie-dev-team_hrtbfx","png",1076,540,390,"https://res.cloudinary.com/doa8o9alh/image/upload/v1768591912/connie-dev-team_hrtbfx.png"
"(root)","connie-dev-team_1_w2mfio","jpg",954,534,337,"https://res.cloudinary.com/doa8o9alh/image/upload/v1768591911/connie-dev-team_1_w2mfio.jpg"
"(root)","connie-dev-team_umf9j4","jpg",1076,540,288,"https://res.cloudinary.com/doa8o9alh/image/upload/v1768591909/connie-dev-team_umf9j4.jpg"
"(root)","connie-inclusive-bubbles_dy7s6o","png",800,800,355,"https://res.cloudinary.com/doa8o9alh/image/upload/v1768591908/connie-inclusive-bubbles_dy7s6o.png"
"(root)","connie-inclusive-team-bubbles_afofza","png",800,800,308,"https://res.cloudinary.com/doa8o9alh/image/upload/v1768591906/connie-inclusive-team-bubbles_afofza.png"
"(root)","fingerprint-scanning_li1g3h","png",512,512,9,"https://res.cloudinary.com/doa8o9alh/image/upload/v1768591829/fingerprint-scanning_li1g3h.png"
"(root)","click-to-connect_prety0","png",191,284,20,"https://res.cloudinary.com/doa8o9alh/image/upload/v1768591827/click-to-connect_prety0.png"
"(root)","fingerprint-scanning-white_tniwjw","png",512,512,17,"https://res.cloudinary.com/doa8o9alh/image/upload/v1768591825/fingerprint-scanning-white_tniwjw.png"
"(root)","fingerprint_uhbti9","png",512,512,18,"https://res.cloudinary.com/doa8o9alh/image/upload/v1768591824/fingerprint_uhbti9.png"
"(root)","plain-blue_wwwppz","png",2858,1606,3602,"https://res.cloudinary.com/doa8o9alh/image/upload/v1768591795/plain-blue_wwwppz.png"
"(root)","connie-bg-circle_htganj","png",2140,1044,778,"https://res.cloudinary.com/doa8o9alh/image/upload/v1768591793/connie-bg-circle_htganj.png"
"(root)","connie-blue-bubbles-bg_qduh8y","jpg",2500,1373,661,"https://res.cloudinary.com/doa8o9alh/image/upload/v1768591792/connie-blue-bubbles-bg_qduh8y.jpg"
"(root)","connie-blue-bg_huju8o","png",3240,1780,139,"https://res.cloudinary.com/doa8o9alh/image/upload/v1768591790/connie-blue-bg_huju8o.png"
"(root)","connie-chat-bubble-white_vejpfj","png",283,259,8,"https://res.cloudinary.com/doa8o9alh/image/upload/v1768591762/connie-chat-bubble-white_vejpfj.png"
"(root)","connie-logo-white-thin-deja-Vu-Sans_uejpiv","png",807,214,17,"https://res.cloudinary.com/doa8o9alh/image/upload/v1768591759/connie-logo-white-thin-deja-Vu-Sans_uejpiv.png"
"(root)","workflow-full_v1e9fy","png",3872,1632,1881,"https://res.cloudinary.com/doa8o9alh/image/upload/v1768591433/workflow-full_v1e9fy.png"
"(root)","connie-at-large-graphql_gf2f7q","png",2226,1046,1068,"https://res.cloudinary.com/doa8o9alh/image/upload/v1768591429/connie-at-large-graphql_gf2f7q.png"
"(root)","Screen_Shot_2022-05-30_at_11.36.10_AM_tqayns","png",2260,1142,715,"https://res.cloudinary.com/doa8o9alh/image/upload/v1768591427/Screen_Shot_2022-05-30_at_11.36.10_AM_tqayns.png"
"(root)","Screen_Shot_2022-04-06_at_11.50.38_AM_xsanm4","png",2100,1748,952,"https://res.cloudinary.com/doa8o9alh/image/upload/v1768591427/Screen_Shot_2022-04-06_at_11.50.38_AM_xsanm4.png"
"(root)","Screen_Shot_2023-04-26_at_1.07.03_PM_cfqkpa","png",2010,1392,738,"https://res.cloudinary.com/doa8o9alh/image/upload/v1768591426/Screen_Shot_2023-04-26_at_1.07.03_PM_cfqkpa.png"
"(root)","diagram_sqlave","png",2010,1392,738,"https://res.cloudinary.com/doa8o9alh/image/upload/v1768591426/diagram_sqlave.png"
"(root)","diagram_2_wpdjga","png",2010,1392,738,"https://res.cloudinary.com/doa8o9alh/image/upload/v1768591425/diagram_2_wpdjga.png"
"(root)","Screen_Shot_2022-07-28_at_9.43.08_AM_c52zmg","png",2154,1656,592,"https://res.cloudinary.com/doa8o9alh/image/upload/v1768591425/Screen_Shot_2022-07-28_at_9.43.08_AM_c52zmg.png"
"(root)","Screen_Shot_2022-04-08_at_9.24.46_AM_zcgyiw","png",1908,840,353,"https://res.cloudinary.com/doa8o9alh/image/upload/v1768591424/Screen_Shot_2022-04-08_at_9.24.46_AM_zcgyiw.png"
"(root)","connie-at-large._byv14h","png",2226,1046,477,"https://res.cloudinary.com/doa8o9alh/image/upload/v1768591424/connie-at-large._byv14h.png"
"(root)","connie-how-it-works_h4vjde","png",2216,896,600,"https://res.cloudinary.com/doa8o9alh/image/upload/v1768591422/connie-how-it-works_h4vjde.png"
"(root)","connie-how-it-works_xterug","jpg",2216,896,616,"https://res.cloudinary.com/doa8o9alh/image/upload/v1768591422/connie-how-it-works_xterug.jpg"
"(root)","connie-solution-slide1b_crgs4s","png",2186,956,393,"https://res.cloudinary.com/doa8o9alh/image/upload/v1768591421/connie-solution-slide1b_crgs4s.png"
"(root)","Screenshot_2024-04-14_at_3.23.51_PM_tgwzlq","png",818,880,397,"https://res.cloudinary.com/doa8o9alh/image/upload/v1768591421/Screenshot_2024-04-14_at_3.23.51_PM_tgwzlq.png"
"(root)","Screenshot_2024-03-12_at_8.20.04_AM_u1gmhj","png",1032,876,310,"https://res.cloudinary.com/doa8o9alh/image/upload/v1768591420/Screenshot_2024-03-12_at_8.20.04_AM_u1gmhj.png"
"(root)","Connie-competitive-landscape2_w9rusz","png",1554,1262,367,"https://res.cloudinary.com/doa8o9alh/image/upload/v1768591414/Connie-competitive-landscape2_w9rusz.png"
"(root)","Screen_Shot_2022-07-24_at_6.09.43_PM_px2xlr","png",1518,656,216,"https://res.cloudinary.com/doa8o9alh/image/upload/v1768591414/Screen_Shot_2022-07-24_at_6.09.43_PM_px2xlr.png"
"(root)","local-demand_k5musk","png",818,880,351,"https://res.cloudinary.com/doa8o9alh/image/upload/v1768591412/local-demand_k5musk.png"
"(root)","connie-prototype-user-guide_orxlrl","png",910,868,461,"https://res.cloudinary.com/doa8o9alh/image/upload/v1768591409/connie-prototype-user-guide_orxlrl.png"
"(root)","features-connie-alert_exhf9j","png",1025,800,279,"https://res.cloudinary.com/doa8o9alh/image/upload/v1768591405/features-connie-alert_exhf9j.png"
"(root)","connie-solution-slide1_zsodpr","png",2310,934,370,"https://res.cloudinary.com/doa8o9alh/image/upload/v1768591402/connie-solution-slide1_zsodpr.png"
"(root)","Screen_Shot_2022-06-21_at_12.15.12_PM_ts7rjr","png",3170,1188,207,"https://res.cloudinary.com/doa8o9alh/image/upload/v1768591402/Screen_Shot_2022-06-21_at_12.15.12_PM_ts7rjr.png"
"(root)","Screenshot_2024-03-11_at_8.16.40_PM_kkkw5v","png",604,410,180,"https://res.cloudinary.com/doa8o9alh/image/upload/v1768591395/Screenshot_2024-03-11_at_8.16.40_PM_kkkw5v.png"
"(root)","features-connie-direct-one-to-one_jobn7r","png",1176,672,182,"https://res.cloudinary.com/doa8o9alh/image/upload/v1768591392/features-connie-direct-one-to-one_jobn7r.png"
"(root)","Screen_Shot_2022-07-25_at_2.05.28_PM_ewbf5u","png",1418,624,115,"https://res.cloudinary.com/doa8o9alh/image/upload/v1768591389/Screen_Shot_2022-07-25_at_2.05.28_PM_ewbf5u.png"
"(root)","connie-api-endpoints_plxc2k","jpg",916,462,79,"https://res.cloudinary.com/doa8o9alh/image/upload/v1768591381/connie-api-endpoints_plxc2k.jpg"
"(root)","connie-direct-one-to-many-two-way_orilce","jpg",1176,672,34,"https://res.cloudinary.com/doa8o9alh/image/upload/v1768591378/connie-direct-one-to-many-two-way_orilce.jpg"
"(root)","connie-task-router_u5xnhw","jpg",1438,580,41,"https://res.cloudinary.com/doa8o9alh/image/upload/v1768591377/connie-task-router_u5xnhw.jpg"
"(root)","connect-engage-provide_2_vyfwnz","png",992,844,58,"https://res.cloudinary.com/doa8o9alh/image/upload/v1768591375/connect-engage-provide_2_vyfwnz.png"
"(root)","multi-tenant-vs-multi-user-2048x943_j5dzpx","webp",1200,553,19,"https://res.cloudinary.com/doa8o9alh/image/upload/v1768591376/multi-tenant-vs-multi-user-2048x943_j5dzpx.webp"
"(root)","favicon-white_pwxx2s","ico",16,16,15,"https://res.cloudinary.com/doa8o9alh/image/upload/v1768590778/favicon-white_pwxx2s.ico"
"(root)","favicon-32x32_pdpt1v","png",32,32,2,"https://res.cloudinary.com/doa8o9alh/image/upload/v1768590778/favicon-32x32_pdpt1v.png"
"(root)","favicon-16x16_rqc2rq","png",16,16,1,"https://res.cloudinary.com/doa8o9alh/image/upload/v1768590777/favicon-16x16_rqc2rq.png"
"(root)","favicon_copy_va2ohd","ico",16,16,15,"https://res.cloudinary.com/doa8o9alh/image/upload/v1768590776/favicon_copy_va2ohd.ico"
"(root)","apple-touch-icon_pjjba9","png",180,180,31,"https://res.cloudinary.com/doa8o9alh/image/upload/v1768590776/apple-touch-icon_pjjba9.png"
"(root)","android-chrome-512x512_zb4vxp","png",512,512,160,"https://res.cloudinary.com/doa8o9alh/image/upload/v1768590775/android-chrome-512x512_zb4vxp.png"
"(root)","android-chrome-192x192_gwyemg","png",192,192,34,"https://res.cloudinary.com/doa8o9alh/image/upload/v1768590774/android-chrome-192x192_gwyemg.png"
"(root)","favicon-32x32_ax7qqt","png",32,32,2,"https://res.cloudinary.com/doa8o9alh/image/upload/v1768590773/favicon-32x32_ax7qqt.png"
"(root)","favicon-16x16_ljcntu","png",16,16,1,"https://res.cloudinary.com/doa8o9alh/image/upload/v1768590773/favicon-16x16_ljcntu.png"
"(root)","connie_avc50k","png",192,192,16,"https://res.cloudinary.com/doa8o9alh/image/upload/v1768590772/connie_avc50k.png"
"(root)","connie_kdp2ba","ico",16,16,15,"https://res.cloudinary.com/doa8o9alh/image/upload/v1768590771/connie_kdp2ba.ico"
"(root)","apple-touch-icon_ykckky","png",180,180,15,"https://res.cloudinary.com/doa8o9alh/image/upload/v1768590771/apple-touch-icon_ykckky.png"
"(root)","android-chrome-512x512_myspks","png",512,512,41,"https://res.cloudinary.com/doa8o9alh/image/upload/v1768590770/android-chrome-512x512_myspks.png"
"(root)","CBO-Perfect-storm_1_paclo0","png",2494,1160,666,"https://res.cloudinary.com/doa8o9alh/image/upload/v1767621497/CBO-Perfect-storm_1_paclo0.png"
"(root)","CBO-Perfect-storm_cuiuvq","png",2494,1160,761,"https://res.cloudinary.com/doa8o9alh/image/upload/v1767621492/CBO-Perfect-storm_cuiuvq.png"
"(root)","Connie-Call-Cente-L-branded_ulch4m","jpg",951,473,297,"https://res.cloudinary.com/doa8o9alh/image/upload/v1767621451/Connie-Call-Cente-L-branded_ulch4m.jpg"
"(root)","slide-bg_yf9raa","png",1280,718,82,"https://res.cloudinary.com/doa8o9alh/image/upload/v1767621412/slide-bg_yf9raa.png"
"(root)","cause-effect-balls_nru7z3","png",1298,578,103,"https://res.cloudinary.com/doa8o9alh/image/upload/v1767621375/cause-effect-balls_nru7z3.png"
"(root)","Screenshot-2024-03-25-at-4-58-53-AM_luwpez","png",1098,646,175,"https://res.cloudinary.com/doa8o9alh/image/upload/v1767621374/Screenshot-2024-03-25-at-4-58-53-AM_luwpez.png"
"(root)","community-partner-building_litdgr","png",928,1004,44,"https://res.cloudinary.com/doa8o9alh/image/upload/v1767621373/community-partner-building_litdgr.png"
"(root)","cbo_1_hapuqu","png",512,692,18,"https://res.cloudinary.com/doa8o9alh/image/upload/v1767621373/cbo_1_hapuqu.png"
"(root)","Gemini_Generated_Image_qahxp3qahxp3qahx_uav3sq","png",1152,896,989,"https://res.cloudinary.com/doa8o9alh/image/upload/v1767621364/Gemini_Generated_Image_qahxp3qahxp3qahx_uav3sq.png"
"(root)","Gemini_Generated_Image_3fxt4v3fxt4v3fxt_yicprt","png",1152,896,1125,"https://res.cloudinary.com/doa8o9alh/image/upload/v1767621364/Gemini_Generated_Image_3fxt4v3fxt4v3fxt_yicprt.png"
"(root)","27122-ai_d9kgku","png",1288,1028,239,"https://res.cloudinary.com/doa8o9alh/image/upload/v1767621363/27122-ai_d9kgku.png"
"(root)","connect-engage-provide_xf34yh","png",992,844,43,"https://res.cloudinary.com/doa8o9alh/image/upload/v1767621352/connect-engage-provide_xf34yh.png"
"(root)","CBO-Perfect-storm_yvghbg","png",2494,1160,761,"https://res.cloudinary.com/doa8o9alh/image/upload/v1767621347/CBO-Perfect-storm_yvghbg.png"
"(root)","King-cbo-clouds_oakqwl","png",1137,878,218,"https://res.cloudinary.com/doa8o9alh/image/upload/v1767621341/King-cbo-clouds_oakqwl.png"
"(root)","clouds_1_kth7vf","png",1137,878,221,"https://res.cloudinary.com/doa8o9alh/image/upload/v1767621341/clouds_1_kth7vf.png"
"(root)","clouds_ugrzmc","png",512,512,11,"https://res.cloudinary.com/doa8o9alh/image/upload/v1767621340/clouds_ugrzmc.png"
"(root)","portrait-old-smiling-greyhaired-lady-looking-screen-mobile-phone_dj718m","png",1609,2000,1983,"https://res.cloudinary.com/doa8o9alh/image/upload/v1767621306/portrait-old-smiling-greyhaired-lady-looking-screen-mobile-phone_dj718m.png"
"(root)","agent-id-amelia_sfqebs","png",278,278,43,"https://res.cloudinary.com/doa8o9alh/image/upload/v1767621306/agent-id-amelia_sfqebs.png"
"(root)","icon-web-browser_ltynez","jpg",4000,3056,3888,"https://res.cloudinary.com/doa8o9alh/image/upload/v1767621291/icon-web-browser_ltynez.jpg"
"(root)","connie-browser_cj8dji","png",2710,1664,129,"https://res.cloudinary.com/doa8o9alh/image/upload/v1767621288/connie-browser_cj8dji.png"
"(root)","laptop-realistic_cbm4pp","png",1200,822,28,"https://res.cloudinary.com/doa8o9alh/image/upload/v1767621288/laptop-realistic_cbm4pp.png"
"(root)","connie-headset-icon-pink_hvs3ka_ctqln9","png",1830,1538,660,"https://res.cloudinary.com/doa8o9alh/image/upload/v1757167683/connie-headset-icon-pink_hvs3ka_ctqln9.png"
"(root)","connie-docs-logo_krdqf4","png",1200,461,133,"https://res.cloudinary.com/doa8o9alh/image/upload/v1757167683/connie-docs-logo_krdqf4.png"
"(root)","connie-community-college_i2lm6j","png",800,784,199,"https://res.cloudinary.com/doa8o9alh/image/upload/v1757167643/connie-community-college_i2lm6j.png"
"(root)","connie-community-college-b_v1xqk9","png",638,615,160,"https://res.cloudinary.com/doa8o9alh/image/upload/v1757167643/connie-community-college-b_v1xqk9.png"
"(root)","connie-contact-rtc-logo-dev_dpvc7a","png",167,50,4,"https://res.cloudinary.com/doa8o9alh/image/upload/v1757167612/connie-contact-rtc-logo-dev_dpvc7a.png"
"(root)","connie-care-center-250_bkcwgu","png",249,86,7,"https://res.cloudinary.com/doa8o9alh/image/upload/v1755951890/connie-care-center-250_bkcwgu.png"
"(root)","connie-roles-permissions_loehyd","png",3376,1274,2325,"https://res.cloudinary.com/doa8o9alh/image/upload/v1755951855/connie-roles-permissions_loehyd.png"
"(root)","connie-plus-ascii-blue-162x40_d4toel","svg",162,40,8,"https://res.cloudinary.com/doa8o9alh/image/upload/v1752952887/connie-plus-ascii-blue-162x40_d4toel.svg"
"(root)","connie-logo-black-strong_d16tdy","svg",1276,357,60,"https://res.cloudinary.com/doa8o9alh/image/upload/v1752952887/connie-logo-black-strong_d16tdy.svg"
"(root)","connie-plus-ascii-888x220-blue_jpflg8","png",888,220,44,"https://res.cloudinary.com/doa8o9alh/image/upload/v1752952888/connie-plus-ascii-888x220-blue_jpflg8.png"
"(root)","connie-logoa_1_gpqbzm","png",1276,357,46,"https://res.cloudinary.com/doa8o9alh/image/upload/v1750679531/connie-logoa_1_gpqbzm.png"
"(root)","connie-logo-svg_ubzd4k","svg",1276,357,2062,"https://res.cloudinary.com/doa8o9alh/image/upload/v1750679507/connie-logo-svg_ubzd4k.svg"
"(root)","connie-headset-icon-pink_hvs3ka_myize9","png",1830,1538,660,"https://res.cloudinary.com/doa8o9alh/image/upload/v1750314538/connie-headset-icon-pink_hvs3ka_myize9.png"
"(root)","connie-wide-font-logo-trans_d7jctu","jpg",720,960,61,"https://res.cloudinary.com/doa8o9alh/image/upload/v1750314538/connie-wide-font-logo-trans_d7jctu.jpg"
"(root)","image_t4lpdj","jpg",720,960,57,"https://res.cloudinary.com/doa8o9alh/image/upload/v1750314538/image_t4lpdj.jpg"
"(root)","connie-wide-font-logo_ujtdvm","jpg",720,960,31,"https://res.cloudinary.com/doa8o9alh/image/upload/v1750314538/connie-wide-font-logo_ujtdvm.jpg"
"(root)","connie-logo-black_okpphu","png",859,250,20,"https://res.cloudinary.com/doa8o9alh/image/upload/v1750314537/connie-logo-black_okpphu.png"
"(root)","connie-docs-logo_jcsgjn","png",1200,461,133,"https://res.cloudinary.com/doa8o9alh/image/upload/v1750314537/connie-docs-logo_jcsgjn.png"
"(root)","blah_ufgwj2","jpg",720,960,57,"https://res.cloudinary.com/doa8o9alh/image/upload/v1750314537/blah_ufgwj2.jpg"
"(root)","phone-voice-icon-1_aneyfa","png",2048,2048,738,"https://res.cloudinary.com/doa8o9alh/image/upload/v1745946237/phone-voice-icon-1_aneyfa.png"
"(root)","phone-voice-icon-2_vu8wxf","png",792,1010,122,"https://res.cloudinary.com/doa8o9alh/image/upload/v1745946238/phone-voice-icon-2_vu8wxf.png"
"(root)","crm_ogk0mp","png",512,512,12,"https://res.cloudinary.com/doa8o9alh/image/upload/v1742914939/crm_ogk0mp.png"
"(root)","spreadsheet_ckr6rw","png",512,512,12,"https://res.cloudinary.com/doa8o9alh/image/upload/v1742914938/spreadsheet_ckr6rw.png"
"(root)","cloud-network_m2fdmq","png",128,128,3,"https://res.cloudinary.com/doa8o9alh/image/upload/v1742914937/cloud-network_m2fdmq.png"
"(root)","api_aixps3","png",128,128,6,"https://res.cloudinary.com/doa8o9alh/image/upload/v1742914937/api_aixps3.png"
"(root)","connie-connect-flow1_lrgx7f","jpg",2468,1368,771,"https://res.cloudinary.com/doa8o9alh/image/upload/v1742914898/connie-connect-flow1_lrgx7f.jpg"
"(root)","connie-connect-flow1_mcbtt3","png",2386,1338,709,"https://res.cloudinary.com/doa8o9alh/image/upload/v1742914896/connie-connect-flow1_mcbtt3.png"
"(root)","connect-workflow-blank2_1_flptvs","jpg",1611,941,225,"https://res.cloudinary.com/doa8o9alh/image/upload/v1742914896/connect-workflow-blank2_1_flptvs.jpg"
"(root)","connie-agent-informer-blank_oifgub","psd",1440,900,2291,"https://res.cloudinary.com/doa8o9alh/image/upload/v1742819054/connie-agent-informer-blank_oifgub.psd"
"(root)","connie-agent-informer-blank_qoglio","jpg",1440,900,219,"https://res.cloudinary.com/doa8o9alh/image/upload/v1742819054/connie-agent-informer-blank_qoglio.jpg"
"(root)","database_15479899_dcnwii","png",512,512,12,"https://res.cloudinary.com/doa8o9alh/image/upload/v1742665487/database_15479899_dcnwii.png"
"(root)","clouds_imu3cb","png",512,512,11,"https://res.cloudinary.com/doa8o9alh/image/upload/v1742665487/clouds_imu3cb.png"
"(root)","database_15479899_mqjt2k","png",512,512,12,"https://res.cloudinary.com/doa8o9alh/image/upload/v1742665046/database_15479899_mqjt2k.png"
"(root)","smarthouse_dkbs21","png",24,24,1,"https://res.cloudinary.com/doa8o9alh/image/upload/v1742118708/smarthouse_dkbs21.png"
"(root)","smarthouse_1_mt3uva","png",64,64,1,"https://res.cloudinary.com/doa8o9alh/image/upload/v1742118707/smarthouse_1_mt3uva.png"
"(root)","doctor_u5fj63","png",512,512,17,"https://res.cloudinary.com/doa8o9alh/image/upload/v1742118706/doctor_u5fj63.png"
"(root)","doctor_1_cnlwxn","png",64,64,2,"https://res.cloudinary.com/doa8o9alh/image/upload/v1742118705/doctor_1_cnlwxn.png"
"(root)","voice-command_shqnba","png",64,64,1,"https://res.cloudinary.com/doa8o9alh/image/upload/v1742118705/voice-command_shqnba.png"
"(root)","smartphone_ktewu9","png",64,64,1,"https://res.cloudinary.com/doa8o9alh/image/upload/v1742118703/smartphone_ktewu9.png"
"(root)","phone-call_a2ozmk","png",512,512,11,"https://res.cloudinary.com/doa8o9alh/image/upload/v1742118703/phone-call_a2ozmk.png"
"(root)","chat_2_vc8dgx","png",512,512,11,"https://res.cloudinary.com/doa8o9alh/image/upload/v1742118702/chat_2_vc8dgx.png"
"(root)","chat_1_nytp1m","png",512,512,15,"https://res.cloudinary.com/doa8o9alh/image/upload/v1742118700/chat_1_nytp1m.png"
"(root)","email_cpvhza","png",512,512,9,"https://res.cloudinary.com/doa8o9alh/image/upload/v1742118699/email_cpvhza.png"
"(root)","id-card_p01all","png",256,256,6,"https://res.cloudinary.com/doa8o9alh/image/upload/v1742118698/id-card_p01all.png"
"(root)","chat-buttle-gold2_ynu3fn","png",980,908,42,"https://res.cloudinary.com/doa8o9alh/image/upload/v1742118697/chat-buttle-gold2_ynu3fn.png"
"(root)","chat-buttle-gold_2_y8eo9w","png",980,908,42,"https://res.cloudinary.com/doa8o9alh/image/upload/v1742118696/chat-buttle-gold_2_y8eo9w.png"
"(root)","chat-buttle-gold_3_a5klvr","png",980,908,42,"https://res.cloudinary.com/doa8o9alh/image/upload/v1742118695/chat-buttle-gold_3_a5klvr.png"
"(root)","chat-buttle-gold_1_vzv15c","png",980,908,42,"https://res.cloudinary.com/doa8o9alh/image/upload/v1742118694/chat-buttle-gold_1_vzv15c.png"
"(root)","connie-chat-bubbles_gita1h","png",512,512,20,"https://res.cloudinary.com/doa8o9alh/image/upload/v1742118693/connie-chat-bubbles_gita1h.png"
"(root)","messenger_xlsf6q","png",512,512,18,"https://res.cloudinary.com/doa8o9alh/image/upload/v1742118692/messenger_xlsf6q.png"
"(root)","chat_econdd","png",512,512,17,"https://res.cloudinary.com/doa8o9alh/image/upload/v1742118691/chat_econdd.png"
"(root)","beta-tester-club_vmlffw","png",512,512,24,"https://res.cloudinary.com/doa8o9alh/image/upload/v1742118690/beta-tester-club_vmlffw.png"
"(root)","clouds_tbcozu","png",512,512,11,"https://res.cloudinary.com/doa8o9alh/image/upload/v1742118689/clouds_tbcozu.png"
"(root)","Screen_Shot_2022-04-08_at_8.32.15_AM_cxgyie","png",154,130,18,"https://res.cloudinary.com/doa8o9alh/image/upload/v1742118688/Screen_Shot_2022-04-08_at_8.32.15_AM_cxgyie.png"
"(root)","Screen_Shot_2022-04-08_at_8.32.23_AM_eaa758","png",138,124,17,"https://res.cloudinary.com/doa8o9alh/image/upload/v1742118688/Screen_Shot_2022-04-08_at_8.32.23_AM_eaa758.png"
"(root)","Screen_Shot_2022-04-08_at_8.32.29_AM_lnxuaj","png",130,108,19,"https://res.cloudinary.com/doa8o9alh/image/upload/v1742118686/Screen_Shot_2022-04-08_at_8.32.29_AM_lnxuaj.png"
"(root)","Screen_Shot_2022-04-08_at_9.21.25_AM_npcqu2","png",156,118,13,"https://res.cloudinary.com/doa8o9alh/image/upload/v1742118686/Screen_Shot_2022-04-08_at_9.21.25_AM_npcqu2.png"
"(root)","play_e7grlo","png",512,512,17,"https://res.cloudinary.com/doa8o9alh/image/upload/v1742118685/play_e7grlo.png"
"(root)","connie-one_f5yvkh","png",76,88,9,"https://res.cloudinary.com/doa8o9alh/image/upload/v1742118684/connie-one_f5yvkh.png"
"(root)","facebook-messenger-icon_miztso","webp",512,512,6,"https://res.cloudinary.com/doa8o9alh/image/upload/v1742118625/facebook-messenger-icon_miztso.webp"
"(root)","whatsapp-icon-509x512_2_nbevbw","png",509,512,16,"https://res.cloudinary.com/doa8o9alh/image/upload/v1742118625/whatsapp-icon-509x512_2_nbevbw.png"
"(root)","whatsapp-icon-509x512_bozww3","png",509,512,16,"https://res.cloudinary.com/doa8o9alh/image/upload/v1742118624/whatsapp-icon-509x512_bozww3.png"
"(root)","whatsapp_ghiykn","jpg",204,192,5,"https://res.cloudinary.com/doa8o9alh/image/upload/v1742118623/whatsapp_ghiykn.jpg"
"(root)","fax_bwclac","png",512,512,9,"https://res.cloudinary.com/doa8o9alh/image/upload/v1742118623/fax_bwclac.png"
"(root)","chat-bubble-icon_ppwexx","svg",122,108,1,"https://res.cloudinary.com/doa8o9alh/image/upload/v1742118599/chat-bubble-icon_ppwexx.svg"
"(root)","bubble-chat_blauir","png",512,512,11,"https://res.cloudinary.com/doa8o9alh/image/upload/v1742118599/bubble-chat_blauir.png"
"(root)","message_loobwc","png",512,512,9,"https://res.cloudinary.com/doa8o9alh/image/upload/v1742118598/message_loobwc.png"
"(root)","weak_fi3gbk","png",512,512,19,"https://res.cloudinary.com/doa8o9alh/image/upload/v1742118597/weak_fi3gbk.png"
"(root)","pdf_avol7t","png",512,512,11,"https://res.cloudinary.com/doa8o9alh/image/upload/v1742118597/pdf_avol7t.png"
"(root)","light-bulb_ycvfcf","png",512,512,14,"https://res.cloudinary.com/doa8o9alh/image/upload/v1742118597/light-bulb_ycvfcf.png"
"(root)","browser_y8m5yk","png",512,512,9,"https://res.cloudinary.com/doa8o9alh/image/upload/v1742118578/browser_y8m5yk.png"
"(root)","social-media_zv0ydc","png",512,512,17,"https://res.cloudinary.com/doa8o9alh/image/upload/v1742118578/social-media_zv0ydc.png"
"(root)","keyboard_katdnv","png",512,512,4,"https://res.cloudinary.com/doa8o9alh/image/upload/v1742118578/keyboard_katdnv.png"
"(root)","voicemail_sc3uqs","png",512,512,7,"https://res.cloudinary.com/doa8o9alh/image/upload/v1742118578/voicemail_sc3uqs.png"
"(root)","agent-informer_skkgxt","png",884,1254,274,"https://res.cloudinary.com/doa8o9alh/image/upload/v1741855316/agent-informer_skkgxt.png"
"(root)","agent-informer_wuger2","jpg",884,1254,275,"https://res.cloudinary.com/doa8o9alh/image/upload/v1741855316/agent-informer_wuger2.jpg"
"(root)","connie-rtc-agent-panels_tmnbo3","png",2420,1386,778,"https://res.cloudinary.com/doa8o9alh/image/upload/v1741733267/connie-rtc-agent-panels_tmnbo3.png"
"(root)","headshot-placeholder-3_hhsciv","png",960,1200,301,"https://res.cloudinary.com/doa8o9alh/image/upload/v1741686564/headshot-placeholder-3_hhsciv.png"
"(root)","headshot-placeholder-round_xpoxh0","webp",300,300,1,"https://res.cloudinary.com/doa8o9alh/image/upload/v1741686564/headshot-placeholder-round_xpoxh0.webp"
"(root)","ypmwbil0vdf8z6xiowwi","jpg",300,300,26,"https://res.cloudinary.com/doa8o9alh/image/upload/v1741643607/ai_local_udemy/ypmwbil0vdf8z6xiowwi.jpg"
"(root)","y6swbwzavr52hpm9fndf","jpg",300,300,26,"https://res.cloudinary.com/doa8o9alh/image/upload/v1741643276/ai_local_udemy/y6swbwzavr52hpm9fndf.jpg"
"(root)","connie-agent-1_qqqr4t","png",824,812,738,"https://res.cloudinary.com/doa8o9alh/image/upload/v1741333961/connie-agent-1_qqqr4t.png"
"(root)","connie-agent_hzjcyy","png",928,1466,1185,"https://res.cloudinary.com/doa8o9alh/image/upload/v1741333960/connie-agent_hzjcyy.png"
"(root)","connie-agent-sq_v3zdgs","jpg",928,952,729,"https://res.cloudinary.com/doa8o9alh/image/upload/v1741333959/connie-agent-sq_v3zdgs.jpg"
"(root)","connie-agent1a_mjvpih","png",870,878,581,"https://res.cloudinary.com/doa8o9alh/image/upload/v1741333959/connie-agent1a_mjvpih.png"
"(root)","connie-agent-2_mvp6lp","jpg",900,538,291,"https://res.cloudinary.com/doa8o9alh/image/upload/v1741333958/connie-agent-2_mvp6lp.jpg"
"(root)","program-manager-headshot-R_ahizeq","png",829,812,419,"https://res.cloudinary.com/doa8o9alh/image/upload/v1741333835/program-manager-headshot-R_ahizeq.png"
"(root)","program-manager_crljgq","png",1042,1386,1068,"https://res.cloudinary.com/doa8o9alh/image/upload/v1741333834/program-manager_crljgq.png"
"(root)","program-manager-trans-b_qjur9w","png",1054,1220,863,"https://res.cloudinary.com/doa8o9alh/image/upload/v1741333834/program-manager-trans-b_qjur9w.png"
"(root)","program-manager-trans-a_h01haz","png",1054,1220,862,"https://res.cloudinary.com/doa8o9alh/image/upload/v1741333833/program-manager-trans-a_h01haz.png"
"(root)","janice-felix-northside-senior-center-round-border_efj0i9","png",480,464,272,"https://res.cloudinary.com/doa8o9alh/image/upload/v1741333774/janice-felix-northside-senior-center-round-border_efj0i9.png"
"(root)","lois-cumming_skapgu","png",600,533,365,"https://res.cloudinary.com/doa8o9alh/image/upload/v1741333744/lois-cumming_skapgu.png"
"(root)","blank-profile_xexutx","png",184,186,21,"https://res.cloudinary.com/doa8o9alh/image/upload/v1740144760/blank-profile_xexutx.png"
"(root)","beta-tester-club_ao21ey","png",512,512,24,"https://res.cloudinary.com/doa8o9alh/image/upload/v1740144761/beta-tester-club_ao21ey.png"
"(root)","1_14_25-nss-faxcutover_jmuuzz","png",3082,1054,975,"https://res.cloudinary.com/doa8o9alh/image/upload/v1737737917/1_14_25-nss-faxcutover_jmuuzz.png"
"(root)","conversation_11873765_elu4qn","png",512,512,9,"https://res.cloudinary.com/doa8o9alh/image/upload/v1737735965/conversation_11873765_elu4qn.png"
"(root)","email_562739_uwwtzf","png",512,512,9,"https://res.cloudinary.com/doa8o9alh/image/upload/v1737735963/email_562739_uwwtzf.png"
"(root)","relation_6679625_wppszf","png",512,512,22,"https://res.cloudinary.com/doa8o9alh/image/upload/v1737735962/relation_6679625_wppszf.png"
"(root)","flextime_18611062_oazvyb","png",512,512,47,"https://res.cloudinary.com/doa8o9alh/image/upload/v1737735960/flextime_18611062_oazvyb.png"
"(root)","network_9194968_jlvu9f","png",512,512,51,"https://res.cloudinary.com/doa8o9alh/image/upload/v1737735958/network_9194968_jlvu9f.png"
"(root)","improvement_11726466_yvaw9b","png",512,512,30,"https://res.cloudinary.com/doa8o9alh/image/upload/v1737735957/improvement_11726466_yvaw9b.png"
"(root)","cbo-round-bottom_nkpb3y","png",846,972,54,"https://res.cloudinary.com/doa8o9alh/image/upload/v1737735955/cbo-round-bottom_nkpb3y.png"
"(root)","fax_1925529_u8flbc","png",512,512,23,"https://res.cloudinary.com/doa8o9alh/image/upload/v1737735953/fax_1925529_u8flbc.png"
"(root)","loudspeakers_13450032_zpuly4","png",512,512,36,"https://res.cloudinary.com/doa8o9alh/image/upload/v1737735952/loudspeakers_13450032_zpuly4.png"
"(root)","analytics_cuuyxp","svg",64,64,4,"https://res.cloudinary.com/doa8o9alh/image/upload/v1737735950/analytics_cuuyxp.svg"
"(root)","connie-headset-icon-pink_hvs3ka","png",1830,1538,660,"https://res.cloudinary.com/doa8o9alh/image/upload/v1737735315/connie-headset-icon-pink_hvs3ka.png"
"(root)","connie-headset-icon-black_z17nu0","png",1830,1538,375,"https://res.cloudinary.com/doa8o9alh/image/upload/v1737735314/connie-headset-icon-black_z17nu0.png"
"(root)","connie-headset-icon-black-outline_r0afii","png",1830,1538,404,"https://res.cloudinary.com/doa8o9alh/image/upload/v1737735312/connie-headset-icon-black-outline_r0afii.png"
"(root)","connie-headset-icon-outline_cnq1bc","png",1830,1538,49,"https://res.cloudinary.com/doa8o9alh/image/upload/v1737735311/connie-headset-icon-outline_cnq1bc.png"
"(root)","logo_gwudtm","png",300,300,20,"https://res.cloudinary.com/doa8o9alh/image/upload/v1737735284/logo_gwudtm.png"
"(root)","connie-contact-icon-64x64-white_w1c1uw","png",64,60,3,"https://res.cloudinary.com/doa8o9alh/image/upload/v1737735269/connie-contact-icon-64x64-white_w1c1uw.png"
"(root)","conversations-logo_sjkst9","png",300,300,31,"https://res.cloudinary.com/doa8o9alh/image/upload/v1737735260/conversations-logo_sjkst9.png"
"(root)","connie-chat-bubble-white_seeu3h","svg",283,259,9,"https://res.cloudinary.com/doa8o9alh/image/upload/v1737735245/connie-chat-bubble-white_seeu3h.svg"
"(root)","connie-chat-bubble-white_rlw5n7","png",283,259,8,"https://res.cloudinary.com/doa8o9alh/image/upload/v1737735232/connie-chat-bubble-white_rlw5n7.png"
"(root)","connie-contact-icon-white_nj5j86","png",64,64,2,"https://res.cloudinary.com/doa8o9alh/image/upload/v1737735215/connie-contact-icon-white_nj5j86.png"
"(root)","connie-logo-400x_tpv6ap","png",400,111,18,"https://res.cloudinary.com/doa8o9alh/image/upload/v1737735157/connie-logo-400x_tpv6ap.png"
"(root)","connie-logo-black-895x250_ia5pif","png",859,250,20,"https://res.cloudinary.com/doa8o9alh/image/upload/v1737735137/connie-logo-black-895x250_ia5pif.png"
"(root)","connie-contact-logo-420x120_ufnpzc","png",420,120,11,"https://res.cloudinary.com/doa8o9alh/image/upload/v1737735113/connie-contact-logo-420x120_ufnpzc.png"
"(root)","connie1-black-logo_nb072e","png",121,35,3,"https://res.cloudinary.com/doa8o9alh/image/upload/v1737735088/connie1-black-logo_nb072e.png"
"(root)","connie1-white-logo_mmvp8i","png",121,35,3,"https://res.cloudinary.com/doa8o9alh/image/upload/v1737735087/connie1-white-logo_mmvp8i.png"
"(root)","local-map-background_mbrv1c","png",720,576,29,"https://res.cloudinary.com/doa8o9alh/image/upload/v1737734830/local-map-background_mbrv1c.png"
"(root)","breadcrumb_hkw9tc","jpg",1919,300,92,"https://res.cloudinary.com/doa8o9alh/image/upload/v1737400637/breadcrumb_hkw9tc.jpg"
"(root)","senior-transport-services-2_m6cvdq","jpg",410,494,263,"https://res.cloudinary.com/doa8o9alh/image/upload/v1737137322/senior-transport-services-2_m6cvdq.jpg"
"(root)","connie-senior-male-sam-00-databg_l6aq5v","png",801,587,309,"https://res.cloudinary.com/doa8o9alh/image/upload/v1737135274/connie-senior-male-sam-00-databg_l6aq5v.png"
"(root)","purple-circle_mmhgyk","png",611,611,18,"https://res.cloudinary.com/doa8o9alh/image/upload/v1737134965/purple-circle_mmhgyk.png"
"(root)","90259cd8-3584-4b9c-a3cf-8e20ad361ec8_k4qapf","jpg",4001,4001,948,"https://res.cloudinary.com/doa8o9alh/image/upload/v1737134910/90259cd8-3584-4b9c-a3cf-8e20ad361ec8_k4qapf.jpg"
"(root)","connie-senior-male-sam-00-round_indtjp","png",2000,1428,1658,"https://res.cloudinary.com/doa8o9alh/image/upload/v1737134843/connie-senior-male-sam-00-round_indtjp.png"
"(root)","connie-senior-male-sam-00_hrcgo4","png",2000,1428,1748,"https://res.cloudinary.com/doa8o9alh/image/upload/v1737134841/connie-senior-male-sam-00_hrcgo4.png"
"(root)","connie-at-work-1500x1330_n0mxmu","jpg",1500,1330,1403,"https://res.cloudinary.com/doa8o9alh/image/upload/v1737087240/connie-at-work-1500x1330_n0mxmu.jpg"
"(root)","connie-browser-active-voicemail-task_jrwyyd","png",2065,1464,606,"https://res.cloudinary.com/doa8o9alh/image/upload/v1737068018/connie-browser-active-voicemail-task_jrwyyd.png"
"(root)","connie-ITadmin-male-000a-round_cjdllr","png",384,511,203,"https://res.cloudinary.com/doa8o9alh/image/upload/v1737066131/connie-ITadmin-male-000a-round_cjdllr.png"
"(root)","connie-ITadmin-male-000aa_h6oz5v","png",734,970,705,"https://res.cloudinary.com/doa8o9alh/image/upload/v1737066130/connie-ITadmin-male-000aa_h6oz5v.png"
"(root)","connie-ITadmin-male-000-headshotb_ghdckw","png",739,748,382,"https://res.cloudinary.com/doa8o9alh/image/upload/v1737066129/connie-ITadmin-male-000-headshotb_ghdckw.png"
"(root)","connie-ITadmin-male-000-headshot_ydgckm","png",734,781,584,"https://res.cloudinary.com/doa8o9alh/image/upload/v1737066128/connie-ITadmin-male-000-headshot_ydgckm.png"
"(root)","connie-ITadmin-male-00aaa_i1glvl","png",734,970,705,"https://res.cloudinary.com/doa8o9alh/image/upload/v1737066127/connie-ITadmin-male-00aaa_i1glvl.png"
"(root)","connie-senior-male-Benny-000a-round_qb9yjf","png",640,728,491,"https://res.cloudinary.com/doa8o9alh/image/upload/v1737065958/connie-senior-male-Benny-000a-round_qb9yjf.png"
"(root)","connie-senior-male-Benny-000b-round_exoht8","png",640,728,491,"https://res.cloudinary.com/doa8o9alh/image/upload/v1737065957/connie-senior-male-Benny-000b-round_exoht8.png"
"(root)","connie-senior-female-00aa_vyohfw","png",800,522,339,"https://res.cloudinary.com/doa8o9alh/image/upload/v1737065826/connie-senior-female-00aa_vyohfw.png"
"(root)","connie-senior-female-00a_qv74dc","png",499,522,288,"https://res.cloudinary.com/doa8o9alh/image/upload/v1737065723/connie-senior-female-00a_qv74dc.png"
"(root)","connie-caregiver-female-01a_u8xdir","jpg",566,492,23,"https://res.cloudinary.com/doa8o9alh/image/upload/v1737065630/connie-caregiver-female-01a_u8xdir.jpg"
"(root)","connie-ITadmin-female-01b_va93vt","png",2000,1333,1173,"https://res.cloudinary.com/doa8o9alh/image/upload/v1737065155/connie-ITadmin-female-01b_va93vt.png"
"(root)","connie-senior-female-02a_mjlot7","png",2000,1333,1173,"https://res.cloudinary.com/doa8o9alh/image/upload/v1737065151/connie-senior-female-02a_mjlot7.png"
"(root)","connie-senior-female-01a_a0viw5","png",2000,1407,1398,"https://res.cloudinary.com/doa8o9alh/image/upload/v1737065151/connie-senior-female-01a_a0viw5.png"
"(root)","connie-ITadmin-female-01b_euxcqo","png",2000,1333,1173,"https://res.cloudinary.com/doa8o9alh/image/upload/v1737063484/connie-ITadmin-female-01b_euxcqo.png"
"(root)","connie-ITadmin-female-01a-BG_bqlvts","png",5000,5000,9436,"https://res.cloudinary.com/doa8o9alh/image/upload/v1737063438/connie-ITadmin-female-01a-BG_bqlvts.png"
"(root)","connie-senior-female-02a_lgvikr","png",2000,1333,1173,"https://res.cloudinary.com/doa8o9alh/image/upload/v1737063380/connie-senior-female-02a_lgvikr.png"
"(root)","connie-senior-female-01a_ipow3p","png",2000,1407,1398,"https://res.cloudinary.com/doa8o9alh/image/upload/v1737063347/connie-senior-female-01a_ipow3p.png"
"(root)","tadtmznw8iw2smjfiut6","webp",300,296,6,"https://res.cloudinary.com/doa8o9alh/image/upload/v1736351053/ai_local_udemy/tadtmznw8iw2smjfiut6.webp"
"(root)","logo","png",480,314,11,"https://res.cloudinary.com/doa8o9alh/image/upload/v1736342546/samples/logo.png"
"(root)","cloudinary-logo-vector","svg",1000,320,6,"https://res.cloudinary.com/doa8o9alh/image/upload/v1736342535/samples/cloudinary-logo-vector.svg"
"(root)","cat","jpg",768,1024,91,"https://res.cloudinary.com/doa8o9alh/image/upload/v1736342535/samples/animals/cat.jpg"
"(root)","cloudinary-icon","png",1000,1000,56,"https://res.cloudinary.com/doa8o9alh/image/upload/v1736342535/samples/cloudinary-icon.png"
"(root)","sample","jpg",864,576,117,"https://res.cloudinary.com/doa8o9alh/image/upload/v1736342534/sample.jpg"